{
  "openapi": "3.0.0",
  "info": {
    "title": "Award API",
    "version": "1.0.0"
  },
  "paths": {
    "/awards/{userId}": {
      "get": {
        "summary": "Get all awards for a user",
        "parameters": [
          {
            "name": "userId",
            "in": "path",
            "required": true,
            "schema": {
              "type": "string"
            }
          }
        ],
        "responses": {
          "200": {
            "description": "All awards for the user retrieved successfully",
            "content": {
              "application/json": {
                "schema": {
                  "type": "object",
                  "properties": {
                    "message": {
                      "type": "string"
                    },
                    "awards": {
                      "type": "array",
                      "items": {
                        "$ref": "#/components/schemas/Award"
                      }
                    }
                  }
                }
              }
            }
          }
        }
      }
    },
    "/awards": {
      "post": {
        "summary": "Create a new award",
        "requestBody": {
          "required": true,
          "content": {
            "application/json": {
              "schema": {
                "type": "object",
                "properties": {
                  "title": {
                    "type": "string"
                  },
                  "description": {
                    "type": "string"
                  },
                  "year": {
                    "type": "integer"
                  }
                }
              }
            }
          }
        },
        "responses": {
          "201": {
            "description": "New Award created successfully",
            "content": {
              "application/json": {
                "schema": {
                  "type": "object",
                  "properties": {
                    "message": {
                      "type": "string"
                    },
                    "award": {
                      "$ref": "#/components/schemas/Award"
                    }
                  }
                }
              }
            }
          }
        }
      }
    },
    "/awards/{_id}": {
      "patch": {
        "summary": "Update an award",
        "parameters": [
          {
            "name": "_id",
            "in": "path",
            "required": true,
            "schema": {
              "type": "string"
            }
          }
        ],
        "requestBody": {
          "required": true,
          "content": {
            "application/json": {
              "schema": {
                "type": "object",
                "properties": {
                  "title": {
                    "type": "string"
                  },
                  "description": {
                    "type": "string"
                  },
                  "year": {
                    "type": "integer"
                  }
                }
              }
            }
          }
        },
        "responses": {
          "201": {
            "description": "The Award is updated successfully",
            "content": {
              "application/json": {
                "schema": {
                  "type": "object",
                  "properties": {
                    "message": {
                      "type": "string"
                    },
                    "award": {
                      "$ref": "#/components/schemas/Award"
                    }
                  }
                }
              }
            }
          }
        }
      },
      "delete": {
        "summary": "Delete an award",
        "parameters": [
          {
            "name": "_id",
            "in": "path",
            "required": true,
            "schema": {
              "type": "string"
            }
          }
        ],
        "responses": {
          "204": {
            "description": "The Award is deleted successfully",
            "content": {
              "application/json": {
                "schema": {
                  "type": "object",
                  "properties": {
                    "message": {
                      "type": "string"
                    },
                    "award": {
                      "$ref": "#/components/schemas/Award"
                    }
                  }
                }
              }
            }
          }
        }
      }
    }
  },
  "components": {
    "schemas": {
      "Award": {
        "type": "object",
        "properties": {
          "_id": {
            "type": "string"
          },
          "title": {
            "type": "string"
          },
          "description": {
            "type": "string"
          },
          "year": {
            "type": "integer"
          },
          "userId": {
            "type": "string"
          },
          "createdAt": {
            "type": "string",
            "format": "date-time"
          },
          "updatedAt": {
            "type": "string",
            "format": "date-time"
          }
        }
      }
    }
  }
}
